Time|Position_1|Position_2|Position_3|Position_4|Position_5|Position_6|Velocity_1|Velocity_2|Velocity_3|Velocity_4|Velocity_5|Velocity_6|Acceleration_1|Acceleration_2|Acceleration_3|Acceleration_4|Acceleration_5|Acceleration_6
0 sec|0|0|0|0|0|0|0|0|0|0|0|0|0.441786466911065|0.441786466911065|0.441786466911065|0.441786466911065|0.441786466911065|0.441786466911065
0.02 sec|8.92475375694684e-05|8.92475375694684e-05|8.92475375694684e-05|8.92475375694684e-05|8.92475375694684e-05|8.92475375694684e-05|0.0088801299881621|0.0088801299881621|0.0088801299881621|0.0088801299881621|0.0088801299881621|0.0088801299881621|0.441786466911065|0.441786466911065|0.441786466911065|0.441786466911065|0.441786466911065|0.441786466911065
0.04 sec|0.000356990150277873|0.000356990150277873|0.000356990150277873|0.000356990150277873|0.000356990150277873|0.000356990150277873|0.0177602599763242|0.0177602599763242|0.0177602599763242|0.0177602599763242|0.0177602599763242|0.0177602599763242|0.441786466911065|0.441786466911065|0.441786466911065|0.441786466911065|0.441786466911065|0.441786466911065
0.06 sec|0.000803227838125215|0.000803227838125215|0.000803227838125215|0.000803227838125215|0.000803227838125215|0.000803227838125215|0.0266403899644863|0.0266403899644863|0.0266403899644863|0.0266403899644863|0.0266403899644863|0.0266403899644863|0.441786466911065|0.441786466911065|0.441786466911065|0.441786466911065|0.441786466911065|0.441786466911065
0.08 sec|0.00142796060111149|0.00142796060111149|0.00142796060111149|0.00142796060111149|0.00142796060111149|0.00142796060111149|0.0355205199526484|0.0355205199526484|0.0355205199526484|0.0355205199526484|0.0355205199526484|0.0355205199526484|0.441786466911065|0.441786466911065|0.441786466911065|0.441786466911065|0.441786466911065|0.441786466911065
0.1 sec|0.00223118843923671|0.00223118843923671|0.00223118843923671|0.00223118843923671|0.00223118843923671|0.00223118843923671|0.0444006499408105|0.0444006499408105|0.0444006499408105|0.0444006499408105|0.0444006499408105|0.0444006499408105|0.441786466911065|0.441786466911065|0.441786466911065|0.441786466911065|0.441786466911065|0.441786466911065
0.12 sec|0.00321291135250086|0.00321291135250086|0.00321291135250086|0.00321291135250086|0.00321291135250086|0.00321291135250086|0.0532807799289726|0.0532807799289726|0.0532807799289726|0.0532807799289726|0.0532807799289726|0.0532807799289726|0.441786466911065|0.441786466911065|0.441786466911065|0.441786466911065|0.441786466911065|0.441786466911065
0.14 sec|0.00437312934090395|0.00437312934090395|0.00437312934090395|0.00437312934090395|0.00437312934090395|0.00437312934090395|0.0621609099171347|0.0621609099171347|0.0621609099171347|0.0621609099171347|0.0621609099171347|0.0621609099171347|0.441786466911065|0.441786466911065|0.441786466911065|0.441786466911065|0.441786466911065|0.441786466911065
0.16 sec|0.00571184240444598|0.00571184240444598|0.00571184240444598|0.00571184240444598|0.00571184240444598|0.00571184240444598|0.0710410399052968|0.0710410399052968|0.0710410399052968|0.0710410399052968|0.0710410399052968|0.0710410399052968|0.441786466911065|0.441786466911065|0.441786466911065|0.441786466911065|0.441786466911065|0.441786466911065
0.18 sec|0.00722905054312694|0.00722905054312694|0.00722905054312694|0.00722905054312694|0.00722905054312694|0.00722905054312694|0.0799211698934589|0.0799211698934589|0.0799211698934589|0.0799211698934589|0.0799211698934589|0.0799211698934589|0.441786466911065|0.441786466911065|0.441786466911065|0.441786466911065|0.441786466911065|0.441786466911065
0.2 sec|0.00892475375694684|0.00892475375694684|0.00892475375694684|0.00892475375694684|0.00892475375694684|0.00892475375694684|0.088801299881621|0.088801299881621|0.088801299881621|0.088801299881621|0.088801299881621|0.088801299881621|0.441786466911065|0.441786466911065|0.441786466911065|0.441786466911065|0.441786466911065|0.441786466911065
0.22 sec|0.0107989520459057|0.0107989520459057|0.0107989520459057|0.0107989520459057|0.0107989520459057|0.0107989520459057|0.0976814298697831|0.0976814298697831|0.0976814298697831|0.0976814298697831|0.0976814298697831|0.0976814298697831|0.441786466911065|0.441786466911065|0.441786466911065|0.441786466911065|0.441786466911065|0.441786466911065
0.24 sec|0.0128516454100034|0.0128516454100034|0.0128516454100034|0.0128516454100034|0.0128516454100034|0.0128516454100034|0.106561559857945|0.106561559857945|0.106561559857945|0.106561559857945|0.106561559857945|0.106561559857945|0.441786466911065|0.441786466911065|0.441786466911065|0.441786466911065|0.441786466911065|0.441786466911065
0.26 sec|0.0150828338492402|0.0150828338492402|0.0150828338492402|0.0150828338492402|0.0150828338492402|0.0150828338492402|0.115441689846107|0.115441689846107|0.115441689846107|0.115441689846107|0.115441689846107|0.115441689846107|0.441786466911065|0.441786466911065|0.441786466911065|0.441786466911065|0.441786466911065|0.441786466911065
0.28 sec|0.0174925173636158|0.0174925173636158|0.0174925173636158|0.0174925173636158|0.0174925173636158|0.0174925173636158|0.124321819834269|0.124321819834269|0.124321819834269|0.124321819834269|0.124321819834269|0.124321819834269|0.441786466911065|0.441786466911065|0.441786466911065|0.441786466911065|0.441786466911065|0.441786466911065
0.3 sec|0.0200806959531304|0.0200806959531304|0.0200806959531304|0.0200806959531304|0.0200806959531304|0.0200806959531304|0.133201949822432|0.133201949822432|0.133201949822432|0.133201949822432|0.133201949822432|0.133201949822432|0.441786466911065|0.441786466911065|0.441786466911065|0.441786466911065|0.441786466911065|0.441786466911065
0.32 sec|0.0228473696177839|0.0228473696177839|0.0228473696177839|0.0228473696177839|0.0228473696177839|0.0228473696177839|0.142082079810594|0.142082079810594|0.142082079810594|0.142082079810594|0.142082079810594|0.142082079810594|0.441786466911065|0.441786466911065|0.441786466911065|0.441786466911065|0.441786466911065|0.441786466911065
0.34 sec|0.0257925383575764|0.0257925383575764|0.0257925383575764|0.0257925383575764|0.0257925383575764|0.0257925383575764|0.150962209798756|0.150962209798756|0.150962209798756|0.150962209798756|0.150962209798756|0.150962209798756|0.441786466911065|0.441786466911065|0.441786466911065|0.441786466911065|0.441786466911065|0.441786466911065
0.36 sec|0.0289162021725078|0.0289162021725078|0.0289162021725078|0.0289162021725078|0.0289162021725078|0.0289162021725078|0.159842339786918|0.159842339786918|0.159842339786918|0.159842339786918|0.159842339786918|0.159842339786918|0.441786466911065|0.441786466911065|0.441786466911065|0.441786466911065|0.441786466911065|0.441786466911065
0.38 sec|0.0322183610625781|0.0322183610625781|0.0322183610625781|0.0322183610625781|0.0322183610625781|0.0322183610625781|0.16872246977508|0.16872246977508|0.16872246977508|0.16872246977508|0.16872246977508|0.16872246977508|0.441786466911065|0.441786466911065|0.441786466911065|0.441786466911065|0.441786466911065|0.441786466911065
0.4 sec|0.0356990150277874|0.0356990150277874|0.0356990150277874|0.0356990150277874|0.0356990150277874|0.0356990150277874|0.177602599763242|0.177602599763242|0.177602599763242|0.177602599763242|0.177602599763242|0.177602599763242|0.441786466911065|0.441786466911065|0.441786466911065|0.441786466911065|0.441786466911065|0.441786466911065
0.42 sec|0.0393581640681356|0.0393581640681356|0.0393581640681356|0.0393581640681356|0.0393581640681356|0.0393581640681356|0.186482729751404|0.186482729751404|0.186482729751404|0.186482729751404|0.186482729751404|0.186482729751404|0.441786466911065|0.441786466911065|0.441786466911065|0.441786466911065|0.441786466911065|0.441786466911065
0.44 sec|0.0431958081836227|0.0431958081836227|0.0431958081836227|0.0431958081836227|0.0431958081836227|0.0431958081836227|0.195362859739566|0.195362859739566|0.195362859739566|0.195362859739566|0.195362859739566|0.195362859739566|0.441786466911065|0.441786466911065|0.441786466911065|0.441786466911065|0.441786466911065|0.441786466911065
0.46 sec|0.0472119473742488|0.0472119473742488|0.0472119473742488|0.0472119473742488|0.0472119473742488|0.0472119473742488|0.204242989727728|0.204242989727728|0.204242989727728|0.204242989727728|0.204242989727728|0.204242989727728|0.441786466911065|0.441786466911065|0.441786466911065|0.441786466911065|0.441786466911065|0.441786466911065
0.48 sec|0.0514065816400138|0.0514065816400138|0.0514065816400138|0.0514065816400138|0.0514065816400138|0.0514065816400138|0.21312311971589|0.21312311971589|0.21312311971589|0.21312311971589|0.21312311971589|0.21312311971589|0.441786466911065|0.441786466911065|0.441786466911065|0.441786466911065|0.441786466911065|0.441786466911065
0.5 sec|0.0557797109809177|0.0557797109809177|0.0557797109809177|0.0557797109809177|0.0557797109809177|0.0557797109809177|0.222003249704053|0.222003249704053|0.222003249704053|0.222003249704053|0.222003249704053|0.222003249704053|0.441786466911065|0.441786466911065|0.441786466911065|0.441786466911065|0.441786466911065|0.441786466911065
0.52 sec|0.0603313353969606|0.0603313353969606|0.0603313353969606|0.0603313353969606|0.0603313353969606|0.0603313353969606|0.230883379692215|0.230883379692215|0.230883379692215|0.230883379692215|0.230883379692215|0.230883379692215|0.441786466911065|0.441786466911065|0.441786466911065|0.441786466911065|0.441786466911065|0.441786466911065
0.54 sec|0.0650614548881425|0.0650614548881425|0.0650614548881425|0.0650614548881425|0.0650614548881425|0.0650614548881425|0.239763509680377|0.239763509680377|0.239763509680377|0.239763509680377|0.239763509680377|0.239763509680377|0.441786466911065|0.441786466911065|0.441786466911065|0.441786466911065|0.441786466911065|0.441786466911065
0.56 sec|0.0699700694544632|0.0699700694544632|0.0699700694544632|0.0699700694544632|0.0699700694544632|0.0699700694544632|0.248643639668539|0.248643639668539|0.248643639668539|0.248643639668539|0.248643639668539|0.248643639668539|0.441786466911065|0.441786466911065|0.441786466911065|0.441786466911065|0.441786466911065|0.441786466911065
0.58 sec|0.0750571790959229|0.0750571790959229|0.0750571790959229|0.0750571790959229|0.0750571790959229|0.0750571790959229|0.257523769656701|0.257523769656701|0.257523769656701|0.257523769656701|0.257523769656701|0.257523769656701|0.441786466911065|0.441786466911065|0.441786466911065|0.441786466911065|0.441786466911065|0.441786466911065
0.6 sec|0.0803227838125215|0.0803227838125215|0.0803227838125215|0.0803227838125215|0.0803227838125215|0.0803227838125215|0.266403899644863|0.266403899644863|0.266403899644863|0.266403899644863|0.266403899644863|0.266403899644863|0.441786466911065|0.441786466911065|0.441786466911065|0.441786466911065|0.441786466911065|0.441786466911065
0.62 sec|0.0857668836042591|0.0857668836042591|0.0857668836042591|0.0857668836042591|0.0857668836042591|0.0857668836042591|0.275284029633025|0.275284029633025|0.275284029633025|0.275284029633025|0.275284029633025|0.275284029633025|0.441786466911065|0.441786466911065|0.441786466911065|0.441786466911065|0.441786466911065|0.441786466911065
0.64 sec|0.0913894784711356|0.0913894784711356|0.0913894784711356|0.0913894784711356|0.0913894784711356|0.0913894784711356|0.284164159621187|0.284164159621187|0.284164159621187|0.284164159621187|0.284164159621187|0.284164159621187|0.441786466911065|0.441786466911065|0.441786466911065|0.441786466911065|0.441786466911065|0.441786466911065
0.66 sec|0.0971905684131511|0.0971905684131511|0.0971905684131511|0.0971905684131511|0.0971905684131511|0.0971905684131511|0.293044289609349|0.293044289609349|0.293044289609349|0.293044289609349|0.293044289609349|0.293044289609349|0.441786466911065|0.441786466911065|0.441786466911065|0.441786466911065|0.441786466911065|0.441786466911065
0.68 sec|0.103170153430305|0.103170153430305|0.103170153430305|0.103170153430305|0.103170153430305|0.103170153430305|0.301924419597511|0.301924419597511|0.301924419597511|0.301924419597511|0.301924419597511|0.301924419597511|0.441786466911065|0.441786466911065|0.441786466911065|0.441786466911065|0.441786466911065|0.441786466911065
0.7 sec|0.109328233522599|0.109328233522599|0.109328233522599|0.109328233522599|0.109328233522599|0.109328233522599|0.310804549585674|0.310804549585674|0.310804549585674|0.310804549585674|0.310804549585674|0.310804549585674|0.441786466911065|0.441786466911065|0.441786466911065|0.441786466911065|0.441786466911065|0.441786466911065
0.72 sec|0.115664808690031|0.115664808690031|0.115664808690031|0.115664808690031|0.115664808690031|0.115664808690031|0.319684679573836|0.319684679573836|0.319684679573836|0.319684679573836|0.319684679573836|0.319684679573836|0.441786466911065|0.441786466911065|0.441786466911065|0.441786466911065|0.441786466911065|0.441786466911065
0.74 sec|0.122179878932602|0.122179878932602|0.122179878932602|0.122179878932602|0.122179878932602|0.122179878932602|0.328564809561998|0.328564809561998|0.328564809561998|0.328564809561998|0.328564809561998|0.328564809561998|0.441786466911065|0.441786466911065|0.441786466911065|0.441786466911065|0.441786466911065|0.441786466911065
0.76 sec|0.128873444250312|0.128873444250312|0.128873444250312|0.128873444250312|0.128873444250312|0.128873444250312|0.33744493955016|0.33744493955016|0.33744493955016|0.33744493955016|0.33744493955016|0.33744493955016|0.441786466911065|0.441786466911065|0.441786466911065|0.441786466911065|0.441786466911065|0.441786466911065
0.78 sec|0.135745504643161|0.135745504643161|0.135745504643161|0.135745504643161|0.135745504643161|0.135745504643161|0.346325069538322|0.346325069538322|0.346325069538322|0.346325069538322|0.346325069538322|0.346325069538322|0.441786466911065|0.441786466911065|0.441786466911065|0.441786466911065|0.441786466911065|0.441786466911065
0.8 sec|0.142796060111149|0.142796060111149|0.142796060111149|0.142796060111149|0.142796060111149|0.142796060111149|0.355205199526484|0.355205199526484|0.355205199526484|0.355205199526484|0.355205199526484|0.355205199526484|0.441786466911065|0.441786466911065|0.441786466911065|0.441786466911065|0.441786466911065|0.441786466911065
0.82 sec|0.150025110654276|0.150025110654276|0.150025110654276|0.150025110654276|0.150025110654276|0.150025110654276|0.364085329514646|0.364085329514646|0.364085329514646|0.364085329514646|0.364085329514646|0.364085329514646|0.441786466911065|0.441786466911065|0.441786466911065|0.441786466911065|0.441786466911065|0.441786466911065
0.84 sec|0.157432656272542|0.157432656272542|0.157432656272542|0.157432656272542|0.157432656272542|0.157432656272542|0.372965459502808|0.372965459502808|0.372965459502808|0.372965459502808|0.372965459502808|0.372965459502808|0.441786466911065|0.441786466911065|0.441786466911065|0.441786466911065|0.441786466911065|0.441786466911065
0.86 sec|0.165018696965947|0.165018696965947|0.165018696965947|0.165018696965947|0.165018696965947|0.165018696965947|0.38184558949097|0.38184558949097|0.38184558949097|0.38184558949097|0.38184558949097|0.38184558949097|0.441786466911065|0.441786466911065|0.441786466911065|0.441786466911065|0.441786466911065|0.441786466911065
0.88 sec|0.172783232734491|0.172783232734491|0.172783232734491|0.172783232734491|0.172783232734491|0.172783232734491|0.390725719479133|0.390725719479133|0.390725719479133|0.390725719479133|0.390725719479133|0.390725719479133|0.441786466911065|0.441786466911065|0.441786466911065|0.441786466911065|0.441786466911065|0.441786466911065
0.9 sec|0.180726263578173|0.180726263578173|0.180726263578173|0.180726263578173|0.180726263578173|0.180726263578173|0.399605849467295|0.399605849467295|0.399605849467295|0.399605849467295|0.399605849467295|0.399605849467295|0.441786466911065|0.441786466911065|0.441786466911065|0.441786466911065|0.441786466911065|0.441786466911065
0.92 sec|0.188847789496995|0.188847789496995|0.188847789496995|0.188847789496995|0.188847789496995|0.188847789496995|0.408485979455457|0.408485979455457|0.408485979455457|0.408485979455457|0.408485979455457|0.408485979455457|0.441786466911065|0.441786466911065|0.441786466911065|0.441786466911065|0.441786466911065|0.441786466911065
0.94 sec|0.197147810490956|0.197147810490956|0.197147810490956|0.197147810490956|0.197147810490956|0.197147810490956|0.417366109443619|0.417366109443619|0.417366109443619|0.417366109443619|0.417366109443619|0.417366109443619|0.441786466911065|0.441786466911065|0.441786466911065|0.441786466911065|0.441786466911065|0.441786466911065
0.96 sec|0.205626326560055|0.205626326560055|0.205626326560055|0.205626326560055|0.205626326560055|0.205626326560055|0.426246239431781|0.426246239431781|0.426246239431781|0.426246239431781|0.426246239431781|0.426246239431781|0.441786466911065|0.441786466911065|0.441786466911065|0.441786466911065|0.441786466911065|0.441786466911065
0.98 sec|0.214283337704294|0.214283337704294|0.214283337704294|0.214283337704294|0.214283337704294|0.214283337704294|0.435126369419943|0.435126369419943|0.435126369419943|0.435126369419943|0.435126369419943|0.435126369419943|0.441786466911065|0.441786466911065|0.441786466911065|0.441786466911065|0.441786466911065|0.441786466911065
1 sec|0.223118843923671|0.223118843923671|0.223118843923671|0.223118843923671|0.223118843923671|0.223118843923671|0.444006499408105|0.444006499408105|0.444006499408105|0.444006499408105|0.444006499408105|0.444006499408105|0.441786466911065|0.441786466911065|0.441786466911065|0.441786466911065|0.441786466911065|0.441786466911065
1.02 sec|0.232132845218187|0.232132845218187|0.232132845218187|0.232132845218187|0.232132845218187|0.232132845218187|0.452886629396267|0.452886629396267|0.452886629396267|0.452886629396267|0.452886629396267|0.452886629396267|0.441786466911065|0.441786466911065|0.441786466911065|0.441786466911065|0.441786466911065|0.441786466911065
1.04 sec|0.241325341587843|0.241325341587843|0.241325341587843|0.241325341587843|0.241325341587843|0.241325341587843|0.461766759384429|0.461766759384429|0.461766759384429|0.461766759384429|0.461766759384429|0.461766759384429|0.441786466911065|0.441786466911065|0.441786466911065|0.441786466911065|0.441786466911065|0.441786466911065
1.06 sec|0.250696333032637|0.250696333032637|0.250696333032637|0.250696333032637|0.250696333032637|0.250696333032637|0.470646889372591|0.470646889372591|0.470646889372591|0.470646889372591|0.470646889372591|0.470646889372591|0.441786466911065|0.441786466911065|0.441786466911065|0.441786466911065|0.441786466911065|0.441786466911065
1.08 sec|0.26024581955257|0.26024581955257|0.26024581955257|0.26024581955257|0.26024581955257|0.26024581955257|0.479527019360754|0.479527019360754|0.479527019360754|0.479527019360754|0.479527019360754|0.479527019360754|0.441786466911065|0.441786466911065|0.441786466911065|0.441786466911065|0.441786466911065|0.441786466911065
1.1 sec|0.269973801147642|0.269973801147642|0.269973801147642|0.269973801147642|0.269973801147642|0.269973801147642|0.488407149348916|0.488407149348916|0.488407149348916|0.488407149348916|0.488407149348916|0.488407149348916|0.441786466911065|0.441786466911065|0.441786466911065|0.441786466911065|0.441786466911065|0.441786466911065
1.12 sec|0.279880277817853|0.279880277817853|0.279880277817853|0.279880277817853|0.279880277817853|0.279880277817853|0.497287279337078|0.497287279337078|0.497287279337078|0.497287279337078|0.497287279337078|0.497287279337078|0.441786466911065|0.441786466911065|0.441786466911065|0.441786466911065|0.441786466911065|0.441786466911065
1.14 sec|0.289965249563203|0.289965249563203|0.289965249563203|0.289965249563203|0.289965249563203|0.289965249563203|0.50616740932524|0.50616740932524|0.50616740932524|0.50616740932524|0.50616740932524|0.50616740932524|0.441786466911065|0.441786466911065|0.441786466911065|0.441786466911065|0.441786466911065|0.441786466911065
1.16 sec|0.300228716383692|0.300228716383692|0.300228716383692|0.300228716383692|0.300228716383692|0.300228716383692|0.515047539313402|0.515047539313402|0.515047539313402|0.515047539313402|0.515047539313402|0.515047539313402|0.441786466911065|0.441786466911065|0.441786466911065|0.441786466911065|0.441786466911065|0.441786466911065
1.18 sec|0.310670678279319|0.310670678279319|0.310670678279319|0.310670678279319|0.310670678279319|0.310670678279319|0.523927669301564|0.523927669301564|0.523927669301564|0.523927669301564|0.523927669301564|0.523927669301564|0.441786466911065|0.441786466911065|0.441786466911065|0.441786466911065|0.441786466911065|0.441786466911065
1.2 sec|0.321291135250086|0.321291135250086|0.321291135250086|0.321291135250086|0.321291135250086|0.321291135250086|0.532807799289726|0.532807799289726|0.532807799289726|0.532807799289726|0.532807799289726|0.532807799289726|0.441786466911065|0.441786466911065|0.441786466911065|0.441786466911065|0.441786466911065|0.441786466911065
1.22 sec|0.332090087295992|0.332090087295992|0.332090087295992|0.332090087295992|0.332090087295992|0.332090087295992|0.541687929277888|0.541687929277888|0.541687929277888|0.541687929277888|0.541687929277888|0.541687929277888|0.441786466911065|0.441786466911065|0.441786466911065|0.441786466911065|0.441786466911065|0.441786466911065
1.24 sec|0.343067534417036|0.343067534417036|0.343067534417036|0.343067534417036|0.343067534417036|0.343067534417036|0.55056805926605|0.55056805926605|0.55056805926605|0.55056805926605|0.55056805926605|0.55056805926605|0.441786466911065|0.441786466911065|0.441786466911065|0.441786466911065|0.441786466911065|0.441786466911065
1.26 sec|0.35422347661322|0.35422347661322|0.35422347661322|0.35422347661322|0.35422347661322|0.35422347661322|0.559448189254212|0.559448189254212|0.559448189254212|0.559448189254212|0.559448189254212|0.559448189254212|0.441786466911065|0.441786466911065|0.441786466911065|0.441786466911065|0.441786466911065|0.441786466911065
1.28 sec|0.365557913884542|0.365557913884542|0.365557913884542|0.365557913884542|0.365557913884542|0.365557913884542|0.568328319242375|0.568328319242375|0.568328319242375|0.568328319242375|0.568328319242375|0.568328319242375|0.441786466911065|0.441786466911065|0.441786466911065|0.441786466911065|0.441786466911065|0.441786466911065
1.3 sec|0.377070846231004|0.377070846231004|0.377070846231004|0.377070846231004|0.377070846231004|0.377070846231004|0.577208449230537|0.577208449230537|0.577208449230537|0.577208449230537|0.577208449230537|0.577208449230537|0.441786466911065|0.441786466911065|0.441786466911065|0.441786466911065|0.441786466911065|0.441786466911065
1.32 sec|0.388762273652604|0.388762273652604|0.388762273652604|0.388762273652604|0.388762273652604|0.388762273652604|0.586088579218699|0.586088579218699|0.586088579218699|0.586088579218699|0.586088579218699|0.586088579218699|0.441786466911065|0.441786466911065|0.441786466911065|0.441786466911065|0.441786466911065|0.441786466911065
1.34 sec|0.400592530577091|0.400592530577091|0.400592530577091|0.400592530577091|0.400592530577091|0.400592530577091|0.589048622548086|0.589048622548086|0.589048622548086|0.589048622548086|0.589048622548086|0.589048622548086|0|0|0|0|0|0
1.36 sec|0.41243270389464|0.41243270389464|0.41243270389464|0.41243270389464|0.41243270389464|0.41243270389464|0.589048622548086|0.589048622548086|0.589048622548086|0.589048622548086|0.589048622548086|0.589048622548086|0|0|0|0|0|0
1.38 sec|0.424272877212189|0.424272877212189|0.424272877212189|0.424272877212189|0.424272877212189|0.424272877212189|0.589048622548086|0.589048622548086|0.589048622548086|0.589048622548086|0.589048622548086|0.589048622548086|0|0|0|0|0|0
1.4 sec|0.436113050529739|0.436113050529739|0.436113050529739|0.436113050529739|0.436113050529739|0.436113050529739|0.589048622548086|0.589048622548086|0.589048622548086|0.589048622548086|0.589048622548086|0.589048622548086|0|0|0|0|0|0
1.42 sec|0.447953223847288|0.447953223847288|0.447953223847288|0.447953223847288|0.447953223847288|0.447953223847288|0.589048622548086|0.589048622548086|0.589048622548086|0.589048622548086|0.589048622548086|0.589048622548086|0|0|0|0|0|0
1.44 sec|0.459793397164838|0.459793397164838|0.459793397164838|0.459793397164838|0.459793397164838|0.459793397164838|0.589048622548086|0.589048622548086|0.589048622548086|0.589048622548086|0.589048622548086|0.589048622548086|0|0|0|0|0|0
1.46 sec|0.471633570482387|0.471633570482387|0.471633570482387|0.471633570482387|0.471633570482387|0.471633570482387|0.589048622548086|0.589048622548086|0.589048622548086|0.589048622548086|0.589048622548086|0.589048622548086|0|0|0|0|0|0
1.48 sec|0.483473743799937|0.483473743799937|0.483473743799937|0.483473743799937|0.483473743799937|0.483473743799937|0.589048622548086|0.589048622548086|0.589048622548086|0.589048622548086|0.589048622548086|0.589048622548086|0|0|0|0|0|0
1.5 sec|0.495313917117486|0.495313917117486|0.495313917117486|0.495313917117486|0.495313917117486|0.495313917117486|0.589048622548086|0.589048622548086|0.589048622548086|0.589048622548086|0.589048622548086|0.589048622548086|0|0|0|0|0|0
1.52 sec|0.507154090435036|0.507154090435036|0.507154090435036|0.507154090435036|0.507154090435036|0.507154090435036|0.589048622548086|0.589048622548086|0.589048622548086|0.589048622548086|0.589048622548086|0.589048622548086|0|0|0|0|0|0
1.54 sec|0.518994263752585|0.518994263752585|0.518994263752585|0.518994263752585|0.518994263752585|0.518994263752585|0.589048622548086|0.589048622548086|0.589048622548086|0.589048622548086|0.589048622548086|0.589048622548086|0|0|0|0|0|0
1.56 sec|0.530834437070135|0.530834437070135|0.530834437070135|0.530834437070135|0.530834437070135|0.530834437070135|0.589048622548086|0.589048622548086|0.589048622548086|0.589048622548086|0.589048622548086|0.589048622548086|0|0|0|0|0|0
1.58 sec|0.542674610387684|0.542674610387684|0.542674610387684|0.542674610387684|0.542674610387684|0.542674610387684|0.589048622548086|0.589048622548086|0.589048622548086|0.589048622548086|0.589048622548086|0.589048622548086|0|0|0|0|0|0
1.6 sec|0.554514783705234|0.554514783705234|0.554514783705234|0.554514783705234|0.554514783705234|0.554514783705234|0.589048622548086|0.589048622548086|0.589048622548086|0.589048622548086|0.589048622548086|0.589048622548086|0|0|0|0|0|0
1.62 sec|0.566354957022783|0.566354957022783|0.566354957022783|0.566354957022783|0.566354957022783|0.566354957022783|0.589048622548086|0.589048622548086|0.589048622548086|0.589048622548086|0.589048622548086|0.589048622548086|0|0|0|0|0|0
1.64 sec|0.578195130340333|0.578195130340333|0.578195130340333|0.578195130340333|0.578195130340333|0.578195130340333|0.589048622548086|0.589048622548086|0.589048622548086|0.589048622548086|0.589048622548086|0.589048622548086|0|0|0|0|0|0
1.66 sec|0.590035303657882|0.590035303657882|0.590035303657882|0.590035303657882|0.590035303657882|0.590035303657882|0.589048622548086|0.589048622548086|0.589048622548086|0.589048622548086|0.589048622548086|0.589048622548086|0|0|0|0|0|0
1.68 sec|0.601875476975432|0.601875476975432|0.601875476975432|0.601875476975432|0.601875476975432|0.601875476975432|0.589048622548086|0.589048622548086|0.589048622548086|0.589048622548086|0.589048622548086|0.589048622548086|0|0|0|0|0|0
1.7 sec|0.613715650292981|0.613715650292981|0.613715650292981|0.613715650292981|0.613715650292981|0.613715650292981|0.589048622548086|0.589048622548086|0.589048622548086|0.589048622548086|0.589048622548086|0.589048622548086|0|0|0|0|0|0
1.72 sec|0.62555582361053|0.62555582361053|0.62555582361053|0.62555582361053|0.62555582361053|0.62555582361053|0.589048622548086|0.589048622548086|0.589048622548086|0.589048622548086|0.589048622548086|0.589048622548086|0|0|0|0|0|0
1.74 sec|0.63739599692808|0.63739599692808|0.63739599692808|0.63739599692808|0.63739599692808|0.63739599692808|0.589048622548086|0.589048622548086|0.589048622548086|0.589048622548086|0.589048622548086|0.589048622548086|0|0|0|0|0|0
1.76 sec|0.64923617024563|0.64923617024563|0.64923617024563|0.64923617024563|0.64923617024563|0.64923617024563|0.589048622548086|0.589048622548086|0.589048622548086|0.589048622548086|0.589048622548086|0.589048622548086|0|0|0|0|0|0
1.78 sec|0.661076343563179|0.661076343563179|0.661076343563179|0.661076343563179|0.661076343563179|0.661076343563179|0.589048622548086|0.589048622548086|0.589048622548086|0.589048622548086|0.589048622548086|0.589048622548086|0|0|0|0|0|0
1.8 sec|0.672916516880728|0.672916516880728|0.672916516880728|0.672916516880728|0.672916516880728|0.672916516880728|0.589048622548086|0.589048622548086|0.589048622548086|0.589048622548086|0.589048622548086|0.589048622548086|0|0|0|0|0|0
1.82 sec|0.684756690198278|0.684756690198278|0.684756690198278|0.684756690198278|0.684756690198278|0.684756690198278|0.589048622548086|0.589048622548086|0.589048622548086|0.589048622548086|0.589048622548086|0.589048622548086|0|0|0|0|0|0
1.84 sec|0.696596863515827|0.696596863515827|0.696596863515827|0.696596863515827|0.696596863515827|0.696596863515827|0.589048622548086|0.589048622548086|0.589048622548086|0.589048622548086|0.589048622548086|0.589048622548086|0|0|0|0|0|0
1.86 sec|0.708437036833377|0.708437036833377|0.708437036833377|0.708437036833377|0.708437036833377|0.708437036833377|0.589048622548086|0.589048622548086|0.589048622548086|0.589048622548086|0.589048622548086|0.589048622548086|0|0|0|0|0|0
1.88 sec|0.720277210150926|0.720277210150926|0.720277210150926|0.720277210150926|0.720277210150926|0.720277210150926|0.589048622548086|0.589048622548086|0.589048622548086|0.589048622548086|0.589048622548086|0.589048622548086|0|0|0|0|0|0
1.9 sec|0.732117383468476|0.732117383468476|0.732117383468476|0.732117383468476|0.732117383468476|0.732117383468476|0.589048622548086|0.589048622548086|0.589048622548086|0.589048622548086|0.589048622548086|0.589048622548086|0|0|0|0|0|0
1.92 sec|0.743957556786025|0.743957556786025|0.743957556786025|0.743957556786025|0.743957556786025|0.743957556786025|0.589048622548086|0.589048622548086|0.589048622548086|0.589048622548086|0.589048622548086|0.589048622548086|0|0|0|0|0|0
1.94 sec|0.755797730103575|0.755797730103575|0.755797730103575|0.755797730103575|0.755797730103575|0.755797730103575|0.589048622548086|0.589048622548086|0.589048622548086|0.589048622548086|0.589048622548086|0.589048622548086|0|0|0|0|0|0
1.96 sec|0.767637903421124|0.767637903421124|0.767637903421124|0.767637903421124|0.767637903421124|0.767637903421124|0.589048622548086|0.589048622548086|0.589048622548086|0.589048622548086|0.589048622548086|0.589048622548086|0|0|0|0|0|0
1.98 sec|0.779478076738674|0.779478076738674|0.779478076738674|0.779478076738674|0.779478076738674|0.779478076738674|0.589048622548086|0.589048622548086|0.589048622548086|0.589048622548086|0.589048622548086|0.589048622548086|0|0|0|0|0|0
2 sec|0.791318250056223|0.791318250056223|0.791318250056223|0.791318250056223|0.791318250056223|0.791318250056223|0.589048622548086|0.589048622548086|0.589048622548086|0.589048622548086|0.589048622548086|0.589048622548086|0|0|0|0|0|0
2.02 sec|0.803158423373773|0.803158423373773|0.803158423373773|0.803158423373773|0.803158423373773|0.803158423373773|0.589048622548086|0.589048622548086|0.589048622548086|0.589048622548086|0.589048622548086|0.589048622548086|0|0|0|0|0|0
2.04 sec|0.814998596691322|0.814998596691322|0.814998596691322|0.814998596691322|0.814998596691322|0.814998596691322|0.589048622548086|0.589048622548086|0.589048622548086|0.589048622548086|0.589048622548086|0.589048622548086|0|0|0|0|0|0
2.06 sec|0.826838770008872|0.826838770008872|0.826838770008872|0.826838770008872|0.826838770008872|0.826838770008872|0.589048622548086|0.589048622548086|0.589048622548086|0.589048622548086|0.589048622548086|0.589048622548086|0|0|0|0|0|0
2.08 sec|0.838678943326421|0.838678943326421|0.838678943326421|0.838678943326421|0.838678943326421|0.838678943326421|0.589048622548086|0.589048622548086|0.589048622548086|0.589048622548086|0.589048622548086|0.589048622548086|0|0|0|0|0|0
2.1 sec|0.85051911664397|0.85051911664397|0.85051911664397|0.85051911664397|0.85051911664397|0.85051911664397|0.589048622548086|0.589048622548086|0.589048622548086|0.589048622548086|0.589048622548086|0.589048622548086|0|0|0|0|0|0
2.12 sec|0.86235928996152|0.86235928996152|0.86235928996152|0.86235928996152|0.86235928996152|0.86235928996152|0.589048622548086|0.589048622548086|0.589048622548086|0.589048622548086|0.589048622548086|0.589048622548086|0|0|0|0|0|0
2.14 sec|0.874199463279069|0.874199463279069|0.874199463279069|0.874199463279069|0.874199463279069|0.874199463279069|0.589048622548086|0.589048622548086|0.589048622548086|0.589048622548086|0.589048622548086|0.589048622548086|0|0|0|0|0|0
2.16 sec|0.886039636596619|0.886039636596619|0.886039636596619|0.886039636596619|0.886039636596619|0.886039636596619|0.589048622548086|0.589048622548086|0.589048622548086|0.589048622548086|0.589048622548086|0.589048622548086|0|0|0|0|0|0
2.18 sec|0.897879809914168|0.897879809914168|0.897879809914168|0.897879809914168|0.897879809914168|0.897879809914168|0.589048622548086|0.589048622548086|0.589048622548086|0.589048622548086|0.589048622548086|0.589048622548086|0|0|0|0|0|0
2.2 sec|0.909719983231718|0.909719983231718|0.909719983231718|0.909719983231718|0.909719983231718|0.909719983231718|0.589048622548086|0.589048622548086|0.589048622548086|0.589048622548086|0.589048622548086|0.589048622548086|0|0|0|0|0|0
2.22 sec|0.921560156549267|0.921560156549267|0.921560156549267|0.921560156549267|0.921560156549267|0.921560156549267|0.589048622548086|0.589048622548086|0.589048622548086|0.589048622548086|0.589048622548086|0.589048622548086|0|0|0|0|0|0
2.24 sec|0.933400329866817|0.933400329866817|0.933400329866817|0.933400329866817|0.933400329866817|0.933400329866817|0.589048622548086|0.589048622548086|0.589048622548086|0.589048622548086|0.589048622548086|0.589048622548086|0|0|0|0|0|0
2.26 sec|0.945240503184366|0.945240503184366|0.945240503184366|0.945240503184366|0.945240503184366|0.945240503184366|0.589048622548086|0.589048622548086|0.589048622548086|0.589048622548086|0.589048622548086|0.589048622548086|0|0|0|0|0|0
2.28 sec|0.957080676501916|0.957080676501916|0.957080676501916|0.957080676501916|0.957080676501916|0.957080676501916|0.589048622548086|0.589048622548086|0.589048622548086|0.589048622548086|0.589048622548086|0.589048622548086|0|0|0|0|0|0
2.3 sec|0.968920849819465|0.968920849819465|0.968920849819465|0.968920849819465|0.968920849819465|0.968920849819465|0.589048622548086|0.589048622548086|0.589048622548086|0.589048622548086|0.589048622548086|0.589048622548086|0|0|0|0|0|0
2.32 sec|0.980761023137015|0.980761023137015|0.980761023137015|0.980761023137015|0.980761023137015|0.980761023137015|0.589048622548086|0.589048622548086|0.589048622548086|0.589048622548086|0.589048622548086|0.589048622548086|0|0|0|0|0|0
2.34 sec|0.992601196454564|0.992601196454564|0.992601196454564|0.992601196454564|0.992601196454564|0.992601196454564|0.589048622548086|0.589048622548086|0.589048622548086|0.589048622548086|0.589048622548086|0.589048622548086|0|0|0|0|0|0
2.36 sec|1.00444136977211|1.00444136977211|1.00444136977211|1.00444136977211|1.00444136977211|1.00444136977211|0.589048622548086|0.589048622548086|0.589048622548086|0.589048622548086|0.589048622548086|0.589048622548086|0|0|0|0|0|0
2.38 sec|1.01628154308966|1.01628154308966|1.01628154308966|1.01628154308966|1.01628154308966|1.01628154308966|0.589048622548086|0.589048622548086|0.589048622548086|0.589048622548086|0.589048622548086|0.589048622548086|0|0|0|0|0|0
2.4 sec|1.02812171640721|1.02812171640721|1.02812171640721|1.02812171640721|1.02812171640721|1.02812171640721|0.589048622548086|0.589048622548086|0.589048622548086|0.589048622548086|0.589048622548086|0.589048622548086|0|0|0|0|0|0
2.42 sec|1.03996188972476|1.03996188972476|1.03996188972476|1.03996188972476|1.03996188972476|1.03996188972476|0.589048622548086|0.589048622548086|0.589048622548086|0.589048622548086|0.589048622548086|0.589048622548086|0|0|0|0|0|0
2.44 sec|1.05180206304231|1.05180206304231|1.05180206304231|1.05180206304231|1.05180206304231|1.05180206304231|0.589048622548086|0.589048622548086|0.589048622548086|0.589048622548086|0.589048622548086|0.589048622548086|0|0|0|0|0|0
2.46 sec|1.06364223635986|1.06364223635986|1.06364223635986|1.06364223635986|1.06364223635986|1.06364223635986|0.589048622548086|0.589048622548086|0.589048622548086|0.589048622548086|0.589048622548086|0.589048622548086|0|0|0|0|0|0
2.48 sec|1.07548240967741|1.07548240967741|1.07548240967741|1.07548240967741|1.07548240967741|1.07548240967741|0.589048622548086|0.589048622548086|0.589048622548086|0.589048622548086|0.589048622548086|0.589048622548086|0|0|0|0|0|0
2.5 sec|1.08732258299496|1.08732258299496|1.08732258299496|1.08732258299496|1.08732258299496|1.08732258299496|0.589048622548086|0.589048622548086|0.589048622548086|0.589048622548086|0.589048622548086|0.589048622548086|0|0|0|0|0|0
2.52 sec|1.09916275631251|1.09916275631251|1.09916275631251|1.09916275631251|1.09916275631251|1.09916275631251|0.589048622548086|0.589048622548086|0.589048622548086|0.589048622548086|0.589048622548086|0.589048622548086|0|0|0|0|0|0
2.54 sec|1.11100292963006|1.11100292963006|1.11100292963006|1.11100292963006|1.11100292963006|1.11100292963006|0.589048622548086|0.589048622548086|0.589048622548086|0.589048622548086|0.589048622548086|0.589048622548086|0|0|0|0|0|0
2.56 sec|1.12284310294761|1.12284310294761|1.12284310294761|1.12284310294761|1.12284310294761|1.12284310294761|0.589048622548086|0.589048622548086|0.589048622548086|0.589048622548086|0.589048622548086|0.589048622548086|0|0|0|0|0|0
2.58 sec|1.13468327626516|1.13468327626516|1.13468327626516|1.13468327626516|1.13468327626516|1.13468327626516|0.589048622548086|0.589048622548086|0.589048622548086|0.589048622548086|0.589048622548086|0.589048622548086|0|0|0|0|0|0
2.6 sec|1.14652344958271|1.14652344958271|1.14652344958271|1.14652344958271|1.14652344958271|1.14652344958271|0.589048622548086|0.589048622548086|0.589048622548086|0.589048622548086|0.589048622548086|0.589048622548086|0|0|0|0|0|0
2.62 sec|1.15836362290026|1.15836362290026|1.15836362290026|1.15836362290026|1.15836362290026|1.15836362290026|0.589048622548086|0.589048622548086|0.589048622548086|0.589048622548086|0.589048622548086|0.589048622548086|0|0|0|0|0|0
2.64 sec|1.17020379621781|1.17020379621781|1.17020379621781|1.17020379621781|1.17020379621781|1.17020379621781|0.589048622548086|0.589048622548086|0.589048622548086|0.589048622548086|0.589048622548086|0.589048622548086|0|0|0|0|0|0
2.66 sec|1.18203405314229|1.18203405314229|1.18203405314229|1.18203405314229|1.18203405314229|1.18203405314229|0.586088579218699|0.586088579218699|0.586088579218699|0.586088579218699|0.586088579218699|0.586088579218699|-0.441786466911065|-0.441786466911065|-0.441786466911065|-0.441786466911065|-0.441786466911065|-0.441786466911065
2.68 sec|1.19372548056389|1.19372548056389|1.19372548056389|1.19372548056389|1.19372548056389|1.19372548056389|0.577208449230537|0.577208449230537|0.577208449230537|0.577208449230537|0.577208449230537|0.577208449230537|-0.441786466911065|-0.441786466911065|-0.441786466911065|-0.441786466911065|-0.441786466911065|-0.441786466911065
2.7 sec|1.20523841291035|1.20523841291035|1.20523841291035|1.20523841291035|1.20523841291035|1.20523841291035|0.568328319242375|0.568328319242375|0.568328319242375|0.568328319242375|0.568328319242375|0.568328319242375|-0.441786466911065|-0.441786466911065|-0.441786466911065|-0.441786466911065|-0.441786466911065|-0.441786466911065
2.72 sec|1.21657285018168|1.21657285018168|1.21657285018168|1.21657285018168|1.21657285018168|1.21657285018168|0.559448189254213|0.559448189254213|0.559448189254213|0.559448189254213|0.559448189254213|0.559448189254213|-0.441786466911065|-0.441786466911065|-0.441786466911065|-0.441786466911065|-0.441786466911065|-0.441786466911065
2.74 sec|1.22772879237786|1.22772879237786|1.22772879237786|1.22772879237786|1.22772879237786|1.22772879237786|0.550568059266051|0.550568059266051|0.550568059266051|0.550568059266051|0.550568059266051|0.550568059266051|-0.441786466911065|-0.441786466911065|-0.441786466911065|-0.441786466911065|-0.441786466911065|-0.441786466911065
2.76 sec|1.2387062394989|1.2387062394989|1.2387062394989|1.2387062394989|1.2387062394989|1.2387062394989|0.541687929277888|0.541687929277888|0.541687929277888|0.541687929277888|0.541687929277888|0.541687929277888|-0.441786466911065|-0.441786466911065|-0.441786466911065|-0.441786466911065|-0.441786466911065|-0.441786466911065
2.78 sec|1.24950519154481|1.24950519154481|1.24950519154481|1.24950519154481|1.24950519154481|1.24950519154481|0.532807799289726|0.532807799289726|0.532807799289726|0.532807799289726|0.532807799289726|0.532807799289726|-0.441786466911065|-0.441786466911065|-0.441786466911065|-0.441786466911065|-0.441786466911065|-0.441786466911065
2.8 sec|1.26012564851558|1.26012564851558|1.26012564851558|1.26012564851558|1.26012564851558|1.26012564851558|0.523927669301564|0.523927669301564|0.523927669301564|0.523927669301564|0.523927669301564|0.523927669301564|-0.441786466911065|-0.441786466911065|-0.441786466911065|-0.441786466911065|-0.441786466911065|-0.441786466911065
2.82 sec|1.2705676104112|1.2705676104112|1.2705676104112|1.2705676104112|1.2705676104112|1.2705676104112|0.515047539313402|0.515047539313402|0.515047539313402|0.515047539313402|0.515047539313402|0.515047539313402|-0.441786466911065|-0.441786466911065|-0.441786466911065|-0.441786466911065|-0.441786466911065|-0.441786466911065
2.84 sec|1.28083107723169|1.28083107723169|1.28083107723169|1.28083107723169|1.28083107723169|1.28083107723169|0.50616740932524|0.50616740932524|0.50616740932524|0.50616740932524|0.50616740932524|0.50616740932524|-0.441786466911065|-0.441786466911065|-0.441786466911065|-0.441786466911065|-0.441786466911065|-0.441786466911065
2.86 sec|1.29091604897704|1.29091604897704|1.29091604897704|1.29091604897704|1.29091604897704|1.29091604897704|0.497287279337078|0.497287279337078|0.497287279337078|0.497287279337078|0.497287279337078|0.497287279337078|-0.441786466911065|-0.441786466911065|-0.441786466911065|-0.441786466911065|-0.441786466911065|-0.441786466911065
2.88 sec|1.30082252564725|1.30082252564725|1.30082252564725|1.30082252564725|1.30082252564725|1.30082252564725|0.488407149348916|0.488407149348916|0.488407149348916|0.488407149348916|0.488407149348916|0.488407149348916|-0.441786466911065|-0.441786466911065|-0.441786466911065|-0.441786466911065|-0.441786466911065|-0.441786466911065
2.9 sec|1.31055050724233|1.31055050724233|1.31055050724233|1.31055050724233|1.31055050724233|1.31055050724233|0.479527019360754|0.479527019360754|0.479527019360754|0.479527019360754|0.479527019360754|0.479527019360754|-0.441786466911065|-0.441786466911065|-0.441786466911065|-0.441786466911065|-0.441786466911065|-0.441786466911065
2.92 sec|1.32009999376226|1.32009999376226|1.32009999376226|1.32009999376226|1.32009999376226|1.32009999376226|0.470646889372592|0.470646889372592|0.470646889372592|0.470646889372592|0.470646889372592|0.470646889372592|-0.441786466911065|-0.441786466911065|-0.441786466911065|-0.441786466911065|-0.441786466911065|-0.441786466911065
2.94 sec|1.32947098520705|1.32947098520705|1.32947098520705|1.32947098520705|1.32947098520705|1.32947098520705|0.46176675938443|0.46176675938443|0.46176675938443|0.46176675938443|0.46176675938443|0.46176675938443|-0.441786466911065|-0.441786466911065|-0.441786466911065|-0.441786466911065|-0.441786466911065|-0.441786466911065
2.96 sec|1.33866348157671|1.33866348157671|1.33866348157671|1.33866348157671|1.33866348157671|1.33866348157671|0.452886629396267|0.452886629396267|0.452886629396267|0.452886629396267|0.452886629396267|0.452886629396267|-0.441786466911065|-0.441786466911065|-0.441786466911065|-0.441786466911065|-0.441786466911065|-0.441786466911065
2.98 sec|1.34767748287123|1.34767748287123|1.34767748287123|1.34767748287123|1.34767748287123|1.34767748287123|0.444006499408105|0.444006499408105|0.444006499408105|0.444006499408105|0.444006499408105|0.444006499408105|-0.441786466911065|-0.441786466911065|-0.441786466911065|-0.441786466911065|-0.441786466911065|-0.441786466911065
3 sec|1.3565129890906|1.3565129890906|1.3565129890906|1.3565129890906|1.3565129890906|1.3565129890906|0.435126369419943|0.435126369419943|0.435126369419943|0.435126369419943|0.435126369419943|0.435126369419943|-0.441786466911065|-0.441786466911065|-0.441786466911065|-0.441786466911065|-0.441786466911065|-0.441786466911065
3.02 sec|1.36517000023484|1.36517000023484|1.36517000023484|1.36517000023484|1.36517000023484|1.36517000023484|0.426246239431781|0.426246239431781|0.426246239431781|0.426246239431781|0.426246239431781|0.426246239431781|-0.441786466911065|-0.441786466911065|-0.441786466911065|-0.441786466911065|-0.441786466911065|-0.441786466911065
3.04 sec|1.37364851630394|1.37364851630394|1.37364851630394|1.37364851630394|1.37364851630394|1.37364851630394|0.417366109443619|0.417366109443619|0.417366109443619|0.417366109443619|0.417366109443619|0.417366109443619|-0.441786466911065|-0.441786466911065|-0.441786466911065|-0.441786466911065|-0.441786466911065|-0.441786466911065
3.06 sec|1.3819485372979|1.3819485372979|1.3819485372979|1.3819485372979|1.3819485372979|1.3819485372979|0.408485979455457|0.408485979455457|0.408485979455457|0.408485979455457|0.408485979455457|0.408485979455457|-0.441786466911065|-0.441786466911065|-0.441786466911065|-0.441786466911065|-0.441786466911065|-0.441786466911065
3.08 sec|1.39007006321672|1.39007006321672|1.39007006321672|1.39007006321672|1.39007006321672|1.39007006321672|0.399605849467295|0.399605849467295|0.399605849467295|0.399605849467295|0.399605849467295|0.399605849467295|-0.441786466911065|-0.441786466911065|-0.441786466911065|-0.441786466911065|-0.441786466911065|-0.441786466911065
3.1 sec|1.39801309406041|1.39801309406041|1.39801309406041|1.39801309406041|1.39801309406041|1.39801309406041|0.390725719479133|0.390725719479133|0.390725719479133|0.390725719479133|0.390725719479133|0.390725719479133|-0.441786466911065|-0.441786466911065|-0.441786466911065|-0.441786466911065|-0.441786466911065|-0.441786466911065
3.12 sec|1.40577762982895|1.40577762982895|1.40577762982895|1.40577762982895|1.40577762982895|1.40577762982895|0.381845589490971|0.381845589490971|0.381845589490971|0.381845589490971|0.381845589490971|0.381845589490971|-0.441786466911065|-0.441786466911065|-0.441786466911065|-0.441786466911065|-0.441786466911065|-0.441786466911065
3.14 sec|1.41336367052235|1.41336367052235|1.41336367052235|1.41336367052235|1.41336367052235|1.41336367052235|0.372965459502809|0.372965459502809|0.372965459502809|0.372965459502809|0.372965459502809|0.372965459502809|-0.441786466911065|-0.441786466911065|-0.441786466911065|-0.441786466911065|-0.441786466911065|-0.441786466911065
3.16 sec|1.42077121614062|1.42077121614062|1.42077121614062|1.42077121614062|1.42077121614062|1.42077121614062|0.364085329514646|0.364085329514646|0.364085329514646|0.364085329514646|0.364085329514646|0.364085329514646|-0.441786466911065|-0.441786466911065|-0.441786466911065|-0.441786466911065|-0.441786466911065|-0.441786466911065
3.18 sec|1.42800026668375|1.42800026668375|1.42800026668375|1.42800026668375|1.42800026668375|1.42800026668375|0.355205199526484|0.355205199526484|0.355205199526484|0.355205199526484|0.355205199526484|0.355205199526484|-0.441786466911065|-0.441786466911065|-0.441786466911065|-0.441786466911065|-0.441786466911065|-0.441786466911065
3.2 sec|1.43505082215174|1.43505082215174|1.43505082215174|1.43505082215174|1.43505082215174|1.43505082215174|0.346325069538322|0.346325069538322|0.346325069538322|0.346325069538322|0.346325069538322|0.346325069538322|-0.441786466911065|-0.441786466911065|-0.441786466911065|-0.441786466911065|-0.441786466911065|-0.441786466911065
3.22 sec|1.44192288254458|1.44192288254458|1.44192288254458|1.44192288254458|1.44192288254458|1.44192288254458|0.33744493955016|0.33744493955016|0.33744493955016|0.33744493955016|0.33744493955016|0.33744493955016|-0.441786466911065|-0.441786466911065|-0.441786466911065|-0.441786466911065|-0.441786466911065|-0.441786466911065
3.24 sec|1.44861644786229|1.44861644786229|1.44861644786229|1.44861644786229|1.44861644786229|1.44861644786229|0.328564809561998|0.328564809561998|0.328564809561998|0.328564809561998|0.328564809561998|0.328564809561998|-0.441786466911065|-0.441786466911065|-0.441786466911065|-0.441786466911065|-0.441786466911065|-0.441786466911065
3.26 sec|1.45513151810487|1.45513151810487|1.45513151810487|1.45513151810487|1.45513151810487|1.45513151810487|0.319684679573836|0.319684679573836|0.319684679573836|0.319684679573836|0.319684679573836|0.319684679573836|-0.441786466911065|-0.441786466911065|-0.441786466911065|-0.441786466911065|-0.441786466911065|-0.441786466911065
3.28 sec|1.4614680932723|1.4614680932723|1.4614680932723|1.4614680932723|1.4614680932723|1.4614680932723|0.310804549585674|0.310804549585674|0.310804549585674|0.310804549585674|0.310804549585674|0.310804549585674|-0.441786466911065|-0.441786466911065|-0.441786466911065|-0.441786466911065|-0.441786466911065|-0.441786466911065
3.3 sec|1.46762617336459|1.46762617336459|1.46762617336459|1.46762617336459|1.46762617336459|1.46762617336459|0.301924419597512|0.301924419597512|0.301924419597512|0.301924419597512|0.301924419597512|0.301924419597512|-0.441786466911065|-0.441786466911065|-0.441786466911065|-0.441786466911065|-0.441786466911065|-0.441786466911065
3.32 sec|1.47360575838175|1.47360575838175|1.47360575838175|1.47360575838175|1.47360575838175|1.47360575838175|0.29304428960935|0.29304428960935|0.29304428960935|0.29304428960935|0.29304428960935|0.29304428960935|-0.441786466911065|-0.441786466911065|-0.441786466911065|-0.441786466911065|-0.441786466911065|-0.441786466911065
3.34 sec|1.47940684832376|1.47940684832376|1.47940684832376|1.47940684832376|1.47940684832376|1.47940684832376|0.284164159621188|0.284164159621188|0.284164159621188|0.284164159621188|0.284164159621188|0.284164159621188|-0.441786466911065|-0.441786466911065|-0.441786466911065|-0.441786466911065|-0.441786466911065|-0.441786466911065
3.36 sec|1.48502944319064|1.48502944319064|1.48502944319064|1.48502944319064|1.48502944319064|1.48502944319064|0.275284029633025|0.275284029633025|0.275284029633025|0.275284029633025|0.275284029633025|0.275284029633025|-0.441786466911065|-0.441786466911065|-0.441786466911065|-0.441786466911065|-0.441786466911065|-0.441786466911065
3.38 sec|1.49047354298237|1.49047354298237|1.49047354298237|1.49047354298237|1.49047354298237|1.49047354298237|0.266403899644863|0.266403899644863|0.266403899644863|0.266403899644863|0.266403899644863|0.266403899644863|-0.441786466911065|-0.441786466911065|-0.441786466911065|-0.441786466911065|-0.441786466911065|-0.441786466911065
3.4 sec|1.49573914769897|1.49573914769897|1.49573914769897|1.49573914769897|1.49573914769897|1.49573914769897|0.257523769656701|0.257523769656701|0.257523769656701|0.257523769656701|0.257523769656701|0.257523769656701|-0.441786466911065|-0.441786466911065|-0.441786466911065|-0.441786466911065|-0.441786466911065|-0.441786466911065
3.42 sec|1.50082625734043|1.50082625734043|1.50082625734043|1.50082625734043|1.50082625734043|1.50082625734043|0.248643639668539|0.248643639668539|0.248643639668539|0.248643639668539|0.248643639668539|0.248643639668539|-0.441786466911065|-0.441786466911065|-0.441786466911065|-0.441786466911065|-0.441786466911065|-0.441786466911065
3.44 sec|1.50573487190675|1.50573487190675|1.50573487190675|1.50573487190675|1.50573487190675|1.50573487190675|0.239763509680377|0.239763509680377|0.239763509680377|0.239763509680377|0.239763509680377|0.239763509680377|-0.441786466911065|-0.441786466911065|-0.441786466911065|-0.441786466911065|-0.441786466911065|-0.441786466911065
3.46 sec|1.51046499139794|1.51046499139794|1.51046499139794|1.51046499139794|1.51046499139794|1.51046499139794|0.230883379692215|0.230883379692215|0.230883379692215|0.230883379692215|0.230883379692215|0.230883379692215|-0.441786466911065|-0.441786466911065|-0.441786466911065|-0.441786466911065|-0.441786466911065|-0.441786466911065
3.48 sec|1.51501661581398|1.51501661581398|1.51501661581398|1.51501661581398|1.51501661581398|1.51501661581398|0.222003249704053|0.222003249704053|0.222003249704053|0.222003249704053|0.222003249704053|0.222003249704053|-0.441786466911065|-0.441786466911065|-0.441786466911065|-0.441786466911065|-0.441786466911065|-0.441786466911065
3.5 sec|1.51938974515488|1.51938974515488|1.51938974515488|1.51938974515488|1.51938974515488|1.51938974515488|0.213123119715891|0.213123119715891|0.213123119715891|0.213123119715891|0.213123119715891|0.213123119715891|-0.441786466911065|-0.441786466911065|-0.441786466911065|-0.441786466911065|-0.441786466911065|-0.441786466911065
3.52 sec|1.52358437942065|1.52358437942065|1.52358437942065|1.52358437942065|1.52358437942065|1.52358437942065|0.204242989727728|0.204242989727728|0.204242989727728|0.204242989727728|0.204242989727728|0.204242989727728|-0.441786466911065|-0.441786466911065|-0.441786466911065|-0.441786466911065|-0.441786466911065|-0.441786466911065
3.54 sec|1.52760051861127|1.52760051861127|1.52760051861127|1.52760051861127|1.52760051861127|1.52760051861127|0.195362859739566|0.195362859739566|0.195362859739566|0.195362859739566|0.195362859739566|0.195362859739566|-0.441786466911065|-0.441786466911065|-0.441786466911065|-0.441786466911065|-0.441786466911065|-0.441786466911065
3.56 sec|1.53143816272676|1.53143816272676|1.53143816272676|1.53143816272676|1.53143816272676|1.53143816272676|0.186482729751404|0.186482729751404|0.186482729751404|0.186482729751404|0.186482729751404|0.186482729751404|-0.441786466911065|-0.441786466911065|-0.441786466911065|-0.441786466911065|-0.441786466911065|-0.441786466911065
3.58 sec|1.53509731176711|1.53509731176711|1.53509731176711|1.53509731176711|1.53509731176711|1.53509731176711|0.177602599763242|0.177602599763242|0.177602599763242|0.177602599763242|0.177602599763242|0.177602599763242|-0.441786466911065|-0.441786466911065|-0.441786466911065|-0.441786466911065|-0.441786466911065|-0.441786466911065
3.6 sec|1.53857796573232|1.53857796573232|1.53857796573232|1.53857796573232|1.53857796573232|1.53857796573232|0.16872246977508|0.16872246977508|0.16872246977508|0.16872246977508|0.16872246977508|0.16872246977508|-0.441786466911065|-0.441786466911065|-0.441786466911065|-0.441786466911065|-0.441786466911065|-0.441786466911065
3.62 sec|1.54188012462239|1.54188012462239|1.54188012462239|1.54188012462239|1.54188012462239|1.54188012462239|0.159842339786918|0.159842339786918|0.159842339786918|0.159842339786918|0.159842339786918|0.159842339786918|-0.441786466911065|-0.441786466911065|-0.441786466911065|-0.441786466911065|-0.441786466911065|-0.441786466911065
3.64 sec|1.54500378843732|1.54500378843732|1.54500378843732|1.54500378843732|1.54500378843732|1.54500378843732|0.150962209798756|0.150962209798756|0.150962209798756|0.150962209798756|0.150962209798756|0.150962209798756|-0.441786466911065|-0.441786466911065|-0.441786466911065|-0.441786466911065|-0.441786466911065|-0.441786466911065
3.66 sec|1.54794895717711|1.54794895717711|1.54794895717711|1.54794895717711|1.54794895717711|1.54794895717711|0.142082079810594|0.142082079810594|0.142082079810594|0.142082079810594|0.142082079810594|0.142082079810594|-0.441786466911065|-0.441786466911065|-0.441786466911065|-0.441786466911065|-0.441786466911065|-0.441786466911065
3.68 sec|1.55071563084177|1.55071563084177|1.55071563084177|1.55071563084177|1.55071563084177|1.55071563084177|0.133201949822432|0.133201949822432|0.133201949822432|0.133201949822432|0.133201949822432|0.133201949822432|-0.441786466911065|-0.441786466911065|-0.441786466911065|-0.441786466911065|-0.441786466911065|-0.441786466911065
3.7 sec|1.55330380943128|1.55330380943128|1.55330380943128|1.55330380943128|1.55330380943128|1.55330380943128|0.12432181983427|0.12432181983427|0.12432181983427|0.12432181983427|0.12432181983427|0.12432181983427|-0.441786466911065|-0.441786466911065|-0.441786466911065|-0.441786466911065|-0.441786466911065|-0.441786466911065
3.72 sec|1.55571349294566|1.55571349294566|1.55571349294566|1.55571349294566|1.55571349294566|1.55571349294566|0.115441689846107|0.115441689846107|0.115441689846107|0.115441689846107|0.115441689846107|0.115441689846107|-0.441786466911065|-0.441786466911065|-0.441786466911065|-0.441786466911065|-0.441786466911065|-0.441786466911065
3.74 sec|1.55794468138489|1.55794468138489|1.55794468138489|1.55794468138489|1.55794468138489|1.55794468138489|0.106561559857945|0.106561559857945|0.106561559857945|0.106561559857945|0.106561559857945|0.106561559857945|-0.441786466911065|-0.441786466911065|-0.441786466911065|-0.441786466911065|-0.441786466911065|-0.441786466911065
3.76 sec|1.55999737474899|1.55999737474899|1.55999737474899|1.55999737474899|1.55999737474899|1.55999737474899|0.0976814298697833|0.0976814298697833|0.0976814298697833|0.0976814298697833|0.0976814298697833|0.0976814298697833|-0.441786466911065|-0.441786466911065|-0.441786466911065|-0.441786466911065|-0.441786466911065|-0.441786466911065
3.78 sec|1.56187157303795|1.56187157303795|1.56187157303795|1.56187157303795|1.56187157303795|1.56187157303795|0.0888012998816211|0.0888012998816211|0.0888012998816211|0.0888012998816211|0.0888012998816211|0.0888012998816211|-0.441786466911065|-0.441786466911065|-0.441786466911065|-0.441786466911065|-0.441786466911065|-0.441786466911065
3.8 sec|1.56356727625177|1.56356727625177|1.56356727625177|1.56356727625177|1.56356727625177|1.56356727625177|0.079921169893459|0.079921169893459|0.079921169893459|0.079921169893459|0.079921169893459|0.079921169893459|-0.441786466911065|-0.441786466911065|-0.441786466911065|-0.441786466911065|-0.441786466911065|-0.441786466911065
3.82 sec|1.56508448439045|1.56508448439045|1.56508448439045|1.56508448439045|1.56508448439045|1.56508448439045|0.0710410399052969|0.0710410399052969|0.0710410399052969|0.0710410399052969|0.0710410399052969|0.0710410399052969|-0.441786466911065|-0.441786466911065|-0.441786466911065|-0.441786466911065|-0.441786466911065|-0.441786466911065
3.84 sec|1.56642319745399|1.56642319745399|1.56642319745399|1.56642319745399|1.56642319745399|1.56642319745399|0.062160909917135|0.062160909917135|0.062160909917135|0.062160909917135|0.062160909917135|0.062160909917135|-0.441786466911065|-0.441786466911065|-0.441786466911065|-0.441786466911065|-0.441786466911065|-0.441786466911065
3.86 sec|1.5675834154424|1.5675834154424|1.5675834154424|1.5675834154424|1.5675834154424|1.5675834154424|0.0532807799289727|0.0532807799289727|0.0532807799289727|0.0532807799289727|0.0532807799289727|0.0532807799289727|-0.441786466911065|-0.441786466911065|-0.441786466911065|-0.441786466911065|-0.441786466911065|-0.441786466911065
3.88 sec|1.56856513835566|1.56856513835566|1.56856513835566|1.56856513835566|1.56856513835566|1.56856513835566|0.0444006499408106|0.0444006499408106|0.0444006499408106|0.0444006499408106|0.0444006499408106|0.0444006499408106|-0.441786466911065|-0.441786466911065|-0.441786466911065|-0.441786466911065|-0.441786466911065|-0.441786466911065
3.9 sec|1.56936836619378|1.56936836619378|1.56936836619378|1.56936836619378|1.56936836619378|1.56936836619378|0.0355205199526485|0.0355205199526485|0.0355205199526485|0.0355205199526485|0.0355205199526485|0.0355205199526485|-0.441786466911065|-0.441786466911065|-0.441786466911065|-0.441786466911065|-0.441786466911065|-0.441786466911065
3.92 sec|1.56999309895677|1.56999309895677|1.56999309895677|1.56999309895677|1.56999309895677|1.56999309895677|0.0266403899644864|0.0266403899644864|0.0266403899644864|0.0266403899644864|0.0266403899644864|0.0266403899644864|-0.441786466911065|-0.441786466911065|-0.441786466911065|-0.441786466911065|-0.441786466911065|-0.441786466911065
3.94 sec|1.57043933664462|1.57043933664462|1.57043933664462|1.57043933664462|1.57043933664462|1.57043933664462|0.0177602599763245|0.0177602599763245|0.0177602599763245|0.0177602599763245|0.0177602599763245|0.0177602599763245|-0.441786466911065|-0.441786466911065|-0.441786466911065|-0.441786466911065|-0.441786466911065|-0.441786466911065
3.96 sec|1.57070707925733|1.57070707925733|1.57070707925733|1.57070707925733|1.57070707925733|1.57070707925733|0.00888012998816223|0.00888012998816223|0.00888012998816223|0.00888012998816223|0.00888012998816223|0.00888012998816223|-0.441786466911065|-0.441786466911065|-0.441786466911065|-0.441786466911065|-0.441786466911065|-0.441786466911065
3.98 sec|1.5707963267949|1.5707963267949|1.5707963267949|1.5707963267949|1.5707963267949|1.5707963267949|0|0|0|0|0|0|0|0|0|0|0|0
4 sec|1.56785231035567|1.57226833501451|1.56785231035567|1.5707963267949|1.57226833501451|1.56785231035567|-0.0303698537941012|0.0151849268970506|-0.0303698537941012|0|0.0151849268970506|-0.0303698537941012|-0.156644509043259|0.0783222545216295|-0.156644509043259|0|0.0783222545216295|-0.156644509043259
4.02 sec|1.559020261038|1.57668435967334|1.559020261038|1.5707963267949|1.57668435967334|1.559020261038|-0.0607397075882023|0.0303698537941012|-0.0607397075882023|0|0.0303698537941012|-0.0607397075882023|-0.156644509043259|0.0783222545216295|-0.156644509043259|0|0.0783222545216295|-0.156644509043259
4.04 sec|1.54430017884188|1.5840444007714|1.54430017884188|1.5707963267949|1.5840444007714|1.54430017884188|-0.0911095613823035|0.0455547806911517|-0.0911095613823035|0|0.0455547806911517|-0.0911095613823035|-0.156644509043259|0.0783222545216295|-0.156644509043259|0|0.0783222545216295|-0.156644509043259
4.06 sec|1.52369206376731|1.59434845830869|1.52369206376731|1.5707963267949|1.59434845830869|1.52369206376731|-0.121479415176405|0.0607397075882023|-0.121479415176405|0|0.0607397075882023|-0.121479415176405|-0.156644509043259|0.0783222545216295|-0.156644509043259|0|0.0783222545216295|-0.156644509043259
4.08 sec|1.49719591581429|1.6075965322852|1.49719591581429|1.5707963267949|1.6075965322852|1.49719591581429|-0.151849268970506|0.0759246344852529|-0.151849268970506|0|0.0759246344852529|-0.151849268970506|-0.156644509043259|0.0783222545216295|-0.156644509043259|0|0.0783222545216295|-0.156644509043259
4.1 sec|1.46481173498283|1.62378862270093|1.46481173498283|1.5707963267949|1.62378862270093|1.46481173498283|-0.182219122764607|0.0911095613823035|-0.182219122764607|0|0.0911095613823035|-0.182219122764607|-0.156644509043259|0.0783222545216295|-0.156644509043259|0|0.0783222545216295|-0.156644509043259
4.12 sec|1.42653952127292|1.64292472955589|1.42653952127292|1.5707963267949|1.64292472955589|1.42653952127292|-0.212588976558708|0.106294488279354|-0.212588976558708|0|0.106294488279354|-0.212588976558708|-0.156644509043259|0.0783222545216295|-0.156644509043259|0|0.0783222545216295|-0.156644509043259
4.14 sec|1.38237927468455|1.66500485285007|1.38237927468455|1.5707963267949|1.66500485285007|1.38237927468455|-0.242958830352809|0.121479415176405|-0.242958830352809|0|0.121479415176405|-0.242958830352809|-0.156644509043259|0.0783222545216295|-0.156644509043259|0|0.0783222545216295|-0.156644509043259
4.16 sec|1.33233099521775|1.69002899258347|1.33233099521775|1.5707963267949|1.69002899258347|1.33233099521775|-0.273328684146911|0.136664342073455|-0.273328684146911|0|0.136664342073455|-0.273328684146911|-0.156644509043259|0.0783222545216295|-0.156644509043259|0|0.0783222545216295|-0.156644509043259
4.18 sec|1.27639468287249|1.7179971487561|1.27639468287249|1.5707963267949|1.7179971487561|1.27639468287249|-0.303698537941012|0.151849268970506|-0.303698537941012|0|0.151849268970506|-0.303698537941012|-0.156644509043259|0.0783222545216295|-0.156644509043259|0|0.0783222545216295|-0.156644509043259
4.2 sec|1.21457033764878|1.74890932136795|1.21457033764878|1.5707963267949|1.74890932136795|1.21457033764878|-0.334068391735113|0.167034195867556|-0.334068391735113|0|0.167034195867556|-0.334068391735113|-0.156644509043259|0.0783222545216295|-0.156644509043259|0|0.0783222545216295|-0.156644509043259
4.22 sec|1.14685795954663|1.78276551041903|1.14685795954663|1.5707963267949|1.78276551041903|1.14685795954663|-0.364438245529214|0.182219122764607|-0.364438245529214|0|0.182219122764607|-0.364438245529214|-0.156644509043259|0.0783222545216295|-0.156644509043259|0|0.0783222545216295|-0.156644509043259
4.24 sec|1.07325754856603|1.81956571590933|1.07325754856603|1.5707963267949|1.81956571590933|1.07325754856603|-0.394808099323315|0.197404049661658|-0.394808099323315|0|0.197404049661658|-0.394808099323315|-0.156644509043259|0.0783222545216295|-0.156644509043259|0|0.0783222545216295|-0.156644509043259
4.26 sec|0.993769104706975|1.85930993783886|0.993769104706975|1.5707963267949|1.85930993783886|0.993769104706975|-0.425177953117416|0.212588976558708|-0.425177953117416|0|0.212588976558708|-0.425177953117416|-0.156644509043259|0.0783222545216295|-0.156644509043259|0|0.0783222545216295|-0.156644509043259
4.28 sec|0.908392627969477|1.90199817620761|0.908392627969477|1.5707963267949|1.90199817620761|0.908392627969477|-0.455547806911518|0.227773903455759|-0.455547806911518|0|0.227773903455759|-0.455547806911518|-0.156644509043259|0.0783222545216295|-0.156644509043259|0|0.0783222545216295|-0.156644509043259
4.3 sec|0.81712811835353|1.94763043101558|0.81712811835353|1.5707963267949|1.94763043101558|0.81712811835353|-0.485917660705619|0.242958830352809|-0.485917660705619|0|0.242958830352809|-0.485917660705619|-0.156644509043259|0.0783222545216295|-0.156644509043259|0|0.0783222545216295|-0.156644509043259
4.32 sec|0.721284027609902|1.99555247638739|0.721284027609902|1.5707963267949|1.99555247638739|0.721284027609902|-0.496040945303652|0.248020472651826|-0.496040945303652|0|0.248020472651826|-0.496040945303652|0|0|0|0|0|0
4.34 sec|0.625112823928581|2.04363807822805|0.625112823928581|1.5707963267949|2.04363807822805|0.625112823928581|-0.496040945303652|0.248020472651826|-0.496040945303652|0|0.248020472651826|-0.496040945303652|0|0|0|0|0|0
4.36 sec|0.528941620247261|2.09172368006871|0.528941620247261|1.5707963267949|2.09172368006871|0.528941620247261|-0.496040945303652|0.248020472651826|-0.496040945303652|0|0.248020472651826|-0.496040945303652|0|0|0|0|0|0
4.38 sec|0.432770416565941|2.13980928190937|0.432770416565941|1.5707963267949|2.13980928190937|0.432770416565941|-0.496040945303652|0.248020472651826|-0.496040945303652|0|0.248020472651826|-0.496040945303652|0|0|0|0|0|0
4.4 sec|0.336599212884621|2.18789488375003|0.336599212884621|1.5707963267949|2.18789488375003|0.336599212884621|-0.496040945303652|0.248020472651826|-0.496040945303652|0|0.248020472651826|-0.496040945303652|0|0|0|0|0|0
4.42 sec|0.2404280092033|2.23598048559069|0.2404280092033|1.5707963267949|2.23598048559069|0.2404280092033|-0.496040945303652|0.248020472651826|-0.496040945303652|0|0.248020472651826|-0.496040945303652|0|0|0|0|0|0
4.44 sec|0.14425680552198|2.28406608743135|0.14425680552198|1.5707963267949|2.28406608743135|0.14425680552198|-0.496040945303652|0.248020472651826|-0.496040945303652|0|0.248020472651826|-0.496040945303652|0|0|0|0|0|0
4.46 sec|0.0480856018406602|2.33215168927201|0.0480856018406602|1.5707963267949|2.33215168927201|0.0480856018406602|-0.496040945303652|0.248020472651826|-0.496040945303652|0|0.248020472651826|-0.496040945303652|0|0|0|0|0|0
4.48 sec|-0.0480856018406602|2.38023729111268|-0.0480856018406602|1.5707963267949|2.38023729111268|-0.0480856018406602|-0.496040945303652|0.248020472651826|-0.496040945303652|0|0.248020472651826|-0.496040945303652|0|0|0|0|0|0
4.5 sec|-0.14425680552198|2.42832289295333|-0.14425680552198|1.5707963267949|2.42832289295333|-0.14425680552198|-0.496040945303652|0.248020472651826|-0.496040945303652|0|0.248020472651826|-0.496040945303652|0|0|0|0|0|0
4.52 sec|-0.2404280092033|2.476408494794|-0.2404280092033|1.5707963267949|2.476408494794|-0.2404280092033|-0.496040945303652|0.248020472651826|-0.496040945303652|0|0.248020472651826|-0.496040945303652|0|0|0|0|0|0
4.54 sec|-0.336599212884621|2.52449409663466|-0.336599212884621|1.5707963267949|2.52449409663466|-0.336599212884621|-0.496040945303652|0.248020472651826|-0.496040945303652|0|0.248020472651826|-0.496040945303652|0|0|0|0|0|0
4.56 sec|-0.432770416565941|2.57257969847532|-0.432770416565941|1.5707963267949|2.57257969847532|-0.432770416565941|-0.496040945303652|0.248020472651826|-0.496040945303652|0|0.248020472651826|-0.496040945303652|0|0|0|0|0|0
4.58 sec|-0.528941620247262|2.62066530031598|-0.528941620247262|1.5707963267949|2.62066530031598|-0.528941620247262|-0.496040945303652|0.248020472651826|-0.496040945303652|0|0.248020472651826|-0.496040945303652|0|0|0|0|0|0
4.6 sec|-0.625112823928581|2.66875090215664|-0.625112823928581|1.5707963267949|2.66875090215664|-0.625112823928581|-0.496040945303652|0.248020472651826|-0.496040945303652|0|0.248020472651826|-0.496040945303652|0|0|0|0|0|0
4.62 sec|-0.721284027609901|2.7168365039973|-0.721284027609901|1.5707963267949|2.7168365039973|-0.721284027609901|-0.496040945303652|0.248020472651826|-0.496040945303652|0|0.248020472651826|-0.496040945303652|0|0|0|0|0|0
4.64 sec|-0.81712811835353|2.76475854936911|-0.81712811835353|1.5707963267949|2.76475854936911|-0.81712811835353|-0.485917660705619|0.242958830352809|-0.485917660705619|0|0.242958830352809|-0.485917660705619|0.156644509043259|-0.0783222545216295|0.156644509043259|0|-0.0783222545216295|0.156644509043259
4.66 sec|-0.908392627969476|2.81039080417708|-0.908392627969476|1.5707963267949|2.81039080417708|-0.908392627969476|-0.455547806911518|0.227773903455759|-0.455547806911518|0|0.227773903455759|-0.455547806911518|0.156644509043259|-0.0783222545216295|0.156644509043259|0|-0.0783222545216295|0.156644509043259
4.68 sec|-0.993769104706975|2.85307904254583|-0.993769104706975|1.5707963267949|2.85307904254583|-0.993769104706975|-0.425177953117416|0.212588976558708|-0.425177953117416|0|0.212588976558708|-0.425177953117416|0.156644509043259|-0.0783222545216295|0.156644509043259|0|-0.0783222545216295|0.156644509043259
4.7 sec|-1.07325754856603|2.89282326447536|-1.07325754856603|1.5707963267949|2.89282326447536|-1.07325754856603|-0.394808099323315|0.197404049661658|-0.394808099323315|0|0.197404049661658|-0.394808099323315|0.156644509043259|-0.0783222545216295|0.156644509043259|0|-0.0783222545216295|0.156644509043259
4.72 sec|-1.14685795954663|2.92962346996566|-1.14685795954663|1.5707963267949|2.92962346996566|-1.14685795954663|-0.364438245529214|0.182219122764607|-0.364438245529214|0|0.182219122764607|-0.364438245529214|0.156644509043259|-0.0783222545216295|0.156644509043259|0|-0.0783222545216295|0.156644509043259
4.74 sec|-1.21457033764878|2.96347965901674|-1.21457033764878|1.5707963267949|2.96347965901674|-1.21457033764878|-0.334068391735113|0.167034195867556|-0.334068391735113|0|0.167034195867556|-0.334068391735113|0.156644509043259|-0.0783222545216295|0.156644509043259|0|-0.0783222545216295|0.156644509043259
4.76 sec|-1.27639468287249|2.99439183162859|-1.27639468287249|1.5707963267949|2.99439183162859|-1.27639468287249|-0.303698537941012|0.151849268970506|-0.303698537941012|0|0.151849268970506|-0.303698537941012|0.156644509043259|-0.0783222545216295|0.156644509043259|0|-0.0783222545216295|0.156644509043259
4.78 sec|-1.33233099521775|3.02235998780122|-1.33233099521775|1.5707963267949|3.02235998780122|-1.33233099521775|-0.273328684146911|0.136664342073455|-0.273328684146911|0|0.136664342073455|-0.273328684146911|0.156644509043259|-0.0783222545216295|0.156644509043259|0|-0.0783222545216295|0.156644509043259
4.8 sec|-1.38237927468455|3.04738412753462|-1.38237927468455|1.5707963267949|3.04738412753462|-1.38237927468455|-0.24295883035281|0.121479415176405|-0.24295883035281|0|0.121479415176405|-0.24295883035281|0.156644509043259|-0.0783222545216295|0.156644509043259|0|-0.0783222545216295|0.156644509043259
4.82 sec|-1.42653952127292|3.0694642508288|-1.42653952127292|1.5707963267949|3.0694642508288|-1.42653952127292|-0.212588976558708|0.106294488279354|-0.212588976558708|0|0.106294488279354|-0.212588976558708|0.156644509043259|-0.0783222545216295|0.156644509043259|0|-0.0783222545216295|0.156644509043259
4.84 sec|-1.46481173498283|3.08860035768376|-1.46481173498283|1.5707963267949|3.08860035768376|-1.46481173498283|-0.182219122764607|0.0911095613823036|-0.182219122764607|0|0.0911095613823036|-0.182219122764607|0.156644509043259|-0.0783222545216295|0.156644509043259|0|-0.0783222545216295|0.156644509043259
4.86 sec|-1.49719591581429|3.10479244809949|-1.49719591581429|1.5707963267949|3.10479244809949|-1.49719591581429|-0.151849268970506|0.0759246344852529|-0.151849268970506|0|0.0759246344852529|-0.151849268970506|0.156644509043259|-0.0783222545216295|0.156644509043259|0|-0.0783222545216295|0.156644509043259
4.88 sec|-1.52369206376731|3.118040522076|-1.52369206376731|1.5707963267949|3.118040522076|-1.52369206376731|-0.121479415176405|0.0607397075882024|-0.121479415176405|0|0.0607397075882024|-0.121479415176405|0.156644509043259|-0.0783222545216295|0.156644509043259|0|-0.0783222545216295|0.156644509043259
4.9 sec|-1.54430017884188|3.12834457961328|-1.54430017884188|1.5707963267949|3.12834457961328|-1.54430017884188|-0.0911095613823036|0.0455547806911518|-0.0911095613823036|0|0.0455547806911518|-0.0911095613823036|0.156644509043259|-0.0783222545216295|0.156644509043259|0|-0.0783222545216295|0.156644509043259
4.92 sec|-1.559020261038|3.13570462071135|-1.559020261038|1.5707963267949|3.13570462071135|-1.559020261038|-0.0607397075882024|0.0303698537941012|-0.0607397075882024|0|0.0303698537941012|-0.0607397075882024|0.156644509043259|-0.0783222545216295|0.156644509043259|0|-0.0783222545216295|0.156644509043259
4.94 sec|-1.56785231035567|3.14012064537018|-1.56785231035567|1.5707963267949|3.14012064537018|-1.56785231035567|-0.0303698537941013|0.0151849268970507|-0.0303698537941013|0|0.0151849268970507|-0.0303698537941013|0.156644509043259|-0.0783222545216295|0.156644509043259|0|-0.0783222545216295|0.156644509043259
4.96 sec|-1.5707963267949|3.14159265358979|-1.5707963267949|1.5707963267949|3.14159265358979|-1.5707963267949|0|0|0|0|0|0|0|0|0|0|0|0
